{
  "name": "root",
  "total": 9.6339048,
  "count": 1,
  "self": 9.6339048
}