{"cameraMode":{"drawMode":0,"name":"Shaded","section":"Shading Mode"},"sceneLighting":true,"audioPlay":false,"sceneViewState":{"showFog":true,"showMaterialUpdate":false,"showSkybox":true,"showFlares":true,"showImageEffects":true,"showParticleSystems":true},"in2DMode":false,"pivot":{"x":0.0,"y":0.11675000190734863,"z":0.27149999141693118},"rotation":{"x":-0.3942694067955017,"y":0.5883187651634216,"z":-0.3975953757762909,"w":-0.5833991765975952},"size":0.8607601523399353,"orthographic":false}