{"cameraMode":{"drawMode":0,"name":"Shaded","section":"Shading Mode"},"sceneLighting":true,"audioPlay":false,"sceneViewState":{"showFog":true,"showMaterialUpdate":false,"showSkybox":true,"showFlares":true,"showImageEffects":true,"showParticleSystems":true},"in2DMode":false,"pivot":{"x":-0.08137404918670654,"y":0.15003889799118043,"z":0.09725245088338852},"rotation":{"x":-0.3942694067955017,"y":0.5883187651634216,"z":-0.3975953757762909,"w":-0.5833991765975952},"size":0.8607601523399353,"orthographic":false}